Goal No.,Goal,Nodal Department,Targets,Other Related Major Departments,Tentative Indicators,Target_id,Indicator_id
1,End poverty in all its forms everywhere,Rural Development,"By 2030, eradicate extreme poverty for all people everywhere, currently measured as people living on less than $1.25 a day.","Urban Development, Agriculture, Horticulture, Animal Husbandry.","Proportion of the population below the international poverty line, disaggregated by sex, age group, employment status and geographical location (urban/rural).",1.1,1.1.1
1,End poverty in all its forms everywhere,Rural Development,"By 2030, reduce at least by half the proportion of men, women and children of all ages living in poverty in all its dimensions according to national definitions.","Urban Development, Agriculture, Horticulture, Animal Husbandry.","Proportion of the population living below the national poverty line, disaggregated by sex and age group",1.2,1.2.1
1,End poverty in all its forms everywhere,Rural Development,"By 2030, reduce at least by half the proportion of men, women and children of all ages living in poverty in all its dimensions according to national definitions.","Urban Development, Agriculture, Horticulture, Animal Husbandry.","Proportion of men, women and children of all ages living in poverty in all its dimensions according to national definitions.",1.2,1.2.2
1,End poverty in all its forms everywhere,Rural Development,"Implement nationally appropriate social protection systems and measures for all, including floors, and by 2030 achieve substantial coverage of the poor and the vulnerable.","Urban Development, Agriculture, Horticulture, Animal Husbandry
SCs, OBCs  and Minority Affairs, Women  and  Child
Development  and Tribal Development.","Percentage of the population covered by social protection floors/systems, disaggregated by sex, and distinguishing children, the unemployed, old-age persons, persons with disabilities, pregnant women/ newborns, work injury victims, the poor and the vulnerable.",1.3,1.3.1
1,End poverty in all its forms everywhere,Rural Development,"By 2030, ensure that all men and women, in particular the poor and the vulnerable, have equal rights to economic resources, as well as access to basic services, ownership and control over land and other forms of property, inheritance, natural resources, appropriate new technology and financial services, including microfinance.","Urban Development, Agriculture, Horticulture, Animal Husbandry, Revenue, Forestry  and  Wild Life, Tribal Development.",Proportion of the population living in households with access to basic services.,1.4,1.4.1
1,End poverty in all its forms everywhere,Rural Development,"By 2030, build the resilience of the poor and those in vulnerable situations and reduce their exposure and vulnerability to climate-related extreme events and other","Revenue  and  Disaster Management, Forestry and  Wild Life, Environment  and Scientific Technology.","Number of deaths, missing people, injured, relocated or evacuated due to disasters per 100,000 people.",1.5,1.5.1
1,End poverty in all its forms everywhere,Rural Development,"Create sound policy frameworks at the state level, based on pro-poor and gender- sensitive development strategies, to support accelerated investment in poverty eradication actions.","Urban Development, Environment and Scientific Technology SCs, OBCs  and Minority  Affairs and
Women  and  Child Development.",Number of state action plans related to multilateral /bilateral environmental agreements that support accelerated investment in actions that eradicate poverty and sustainably use natural resources.,1.6,1.6.1
2,"End hunger, achieve food security and improved nutrition and promote sustainable agriculture",Agriculture,"By 2030, end hunger and ensure access by all people, in particular the poor and people in vulnerable situations, including infants, to safe, nutritious and sufficient food all year round.","Agriculture, Education, Women and  Child Development.",Prevalence of undernourishment,2.1,2.1.1
2,"End hunger, achieve food security and improved nutrition and promote sustainable agriculture",Agriculture,"By 2030, end hunger and ensure access by all people, in particular the poor and people in vulnerable situations, including infants, to safe, nutritious and sufficient food all year round.","Agriculture, Education, Women and  Child Development.","Prevalence of moderate or severe food insecurity in the population, based on the Food Insecurity Experience Scale (FIES).",2.1,2.1.2
2,"End hunger, achieve food security and improved nutrition and promote sustainable agriculture",Agriculture,"By 2030, end all forms of malnutrition, including achieving, by 2025, the internationally agreed targets on stunting and wasting in children under 5 years of age, and address the nutritional needs of adolescent girls, pregnant and lactating women and older persons.","Health  and  Family Welfare, Women  and Child Development, Education.",Prevalence of stunting (height for age <-2 standard deviation from the median of the World Health Organization (WHO) Child Growth Standards) among children under 5 years of age.,2.2,2.2.1
2,"End hunger, achieve food security and improved nutrition and promote sustainable agriculture",Agriculture,"By 2030, end all forms of malnutrition, including achieving, by 2025, the internationally agreed targets on stunting and wasting in children under 5 years of age, and address the nutritional needs of adolescent girls, pregnant and lactating women and older persons.","Health  and  Family Welfare, Women  and Child Development, Education.","Prevalence of malnutrition (weight for height. >+2 or <-2 standard deviation from the median of the WHO Child Growth Standards) among children under 5, disaggregated by type (wasting and overweight).",2.2,2.2.2
2,"End hunger, achieve food security and improved nutrition and promote sustainable agriculture",Agriculture,"By 2030, double the agricultural productivity and incomes of small-scale food producers, in particular productive resources and inputs, knowledge, financial services, markets and opportunities for value addition and non-farm employment","Agriculture, Horticulture, Fisheries, Animal Husbandry and  Industries.",Volume of production per labour unit by classes of farming /pastoral/forestry enterprise size.,2.3,2.3.1
2,"End hunger, achieve food security and improved nutrition and promote sustainable agriculture",Agriculture,"By 2030, double the agricultural productivity and incomes of small-scale food producers, in particular productive resources and inputs, knowledge, financial services, markets and opportunities for value addition and non-farm employment","Agriculture, Horticulture, Fisheries, Animal Husbandry and  Industries.",Total Factor Productivity,2.3,2.3.2
2,"End hunger, achieve food security and improved nutrition and promote sustainable agriculture",Agriculture,"By 2030, ensure sustainable food production systems and implement resilient agricultural practices that increase productivity and production, that help maintain ecosystems, that strengthen capacity for adaptation to climate change, extreme weather, drought, flooding and other disasters and that progressively improve land and soil quality.","Irrigation  and  Public Health, Agriculture, Horticulture, Animal Husbandry.",Percentage of agricultural area under sustainable agricultural practices,2.4,2.4.1
2,"End hunger, achieve food security and improved nutrition and promote sustainable agriculture",Agriculture,"By 2030, ensure sustainable food production systems and implement resilient agricultural practices that increase productivity and production, that help maintain ecosystems, that strengthen capacity for adaptation to climate change, extreme weather, drought, flooding and other disasters and that progressively improve land and soil quality.","Irrigation  and  Public Health, Agriculture, Horticulture, Animal Husbandry.",Percentage of agricultural households using irrigation systems compared to all agricultural households.,2.4,2.4.2
2,"End hunger, achieve food security and improved nutrition and promote sustainable agriculture",Agriculture,"By 2030, ensure sustainable food production systems and implement resilient agricultural practices that increase productivity and production, that help maintain ecosystems, that strengthen capacity for adaptation to climate change, extreme weather, drought, flooding and other disasters and that progressively improve land and soil quality.","Irrigation  and  Public Health, Agriculture, Horticulture, Animal Husbandry.",Percentage of agricultural households.,2.4,2.4.3
2,"End hunger, achieve food security and improved nutrition and promote sustainable agriculture",Agriculture,"By 2020, maintain the genetic diversity of seeds, cultivated plants and farmed and domesticated animals and their related wild species, including through soundly managed and diversified seed and plant banks at the national, regional and international levels, and promote access to and fair and equitable sharing of benefits arising from the utilization of genetic resources and associated traditional knowledge, as internationally agreed.","Agriculture, Horticulture, Animal Husbandry, Forestry and  Wild Life.",Ex situ crop collections enrichment index.,2.5,2.5.1
2,"End hunger, achieve food security and improved nutrition and promote sustainable agriculture",Agriculture,"By 2020, maintain the genetic diversity of seeds, cultivated plants and farmed and domesticated animals and their related wild species, including through soundly managed and diversified seed and plant banks at the national, regional and international levels, and promote access to and fair and equitable sharing of benefits arising from the utilization of genetic resources and associated traditional knowledge, as internationally agreed.","Agriculture, Horticulture, Animal Husbandry, Forestry and  Wild Life.","Percentage of local crops and breeds and their wild relatives, classified as being at risk, not-at-risk or at an unknown level of risk of extinction.",2.5,2.5.2
2,"End hunger, achieve food security and improved nutrition and promote sustainable agriculture",Agriculture,"Increase investment, including through enhanced international cooperation, in rural infrastructure, agricultural research and extension services, technology development and plant and livestock gene banks in order to enhance agricultural productive capacity in developing countries, in particular least developed countries","Industries, Agriculture, Horticulture, Animal Husbandry.",The agriculture orientation index for government expenditures.,2.6,2.6.1
2,"End hunger, achieve food security and improved nutrition and promote sustainable agriculture",Agriculture,"Correct and prevent trade restrictions and distortions in agricultural markets,including through the parallel elimination of all forms of agricultural export subsidies and all export measures with equivalent effect, in accordance with the mandate of the Doha Development Round.","Agriculture,
Horticulture.",Percentage change in import and export tariffs on agricultural products.,2.7,2.7.1
2,"End hunger, achieve food security and improved nutrition and promote sustainable agriculture",Agriculture,"Adopt measures to ensure the proper functioning of food commodity markets and their derivatives and facilitate timely access to market information, including on food reserves, in order to help limit extreme food price volatility.","Agriculture,
Horticulture.",Agricultural export subsidies.,2.8,2.8.1
2,"End hunger, achieve food security and improved nutrition and promote sustainable agriculture",Agriculture,"Adopt measures to ensure the proper functioning of food commodity markets and their derivatives and facilitate timely access to market information, including on food reserves, in order to help limit extreme food price volatility.","Agriculture, Horticulture, Economics  and Statistics.",Indicator of (food) price anomalies.,2.8,2.8.2
3,Ensure healthy lives and promote well-being for all at all ages,Health & Family Welfare,"By 2030, reduce the maternal mortality ratio to less than 70 per 100,000 live births.",Women  and  Child Development.,"Maternal deaths per 100,000 live births.",3.1,3.1.1
3,Ensure healthy lives and promote well-being for all at all ages,Health & Family Welfare,"By 2030, reduce the maternal mortality ratio to less than 70 per 100,000 live births.",Women  and  Child Development.,Proportion of births attended by skilled health personnel.,3.1,3.1.2
3,Ensure healthy lives and promote well-being for all at all ages,Health & Family Welfare,"By 2030, end preventable deaths of newborns and children under 5 years of age, aiming to reduce neonatal mortality to at least as low as 12 per 1,000 live births and under-5 mortality to at least as low as 25 per 1,000 live births.",Health  and  Family Welfare.,"Under-5 mortality rate (deaths per 1,000 live births).",3.2,3.2.1
3,Ensure healthy lives and promote well-being for all at all ages,Health & Family Welfare,"By 2030, end preventable deaths of newborns and children under 5 years of age, aiming to reduce neonatal mortality to at least as low as 12 per 1,000 live births and under-5 mortality to at least as low as 25 per 1,000 live births.",Health  and  Family Welfare.,"Neonatal mortality rate (deaths per 1,000 live births).",3.2,3.2.2
3,Ensure healthy lives and promote well-being for all at all ages,Health & Family Welfare,"By 2030, end the epidemics of AIDS, tuberculosis, malaria and neglected tropical diseases and combat hepatitis, water-borne diseases and other communicable diseases.",Irrigation and Public Health.,"Number of new HIV infection per 1000 uneffective population (by age group, sex & Key population)",3.3,3.3.1
3,Ensure healthy lives and promote well-being for all at all ages,Health & Family Welfare,"By 2030, end the epidemics of AIDS, tuberculosis, malaria and neglected tropical diseases and combat hepatitis, water-borne diseases and other communicable diseases.",Irrigation and Public Health.,Tuberculosis incidence per 1000 persons per year.,3.3,3.3.2
3,Ensure healthy lives and promote well-being for all at all ages,Health & Family Welfare,"By 2030, end the epidemics of AIDS, tuberculosis, malaria and neglected tropical diseases and combat hepatitis, water-borne diseases and other communicable diseases.",Irrigation and Public Health.,Malria incidence cases per 1000 persons per year.,3.3,3.3.3
3,Ensure healthy lives and promote well-being for all at all ages,Health & Family Welfare,"By 2030, end the epidemics of AIDS, tuberculosis, malaria and neglected tropical diseases and combat hepatitis, water-borne diseases and other communicable diseases.",Irrigation and Public Health.,Number of new Hepatitis B infections per one lakh population in a given year.,3.3,3.3.4
3,Ensure healthy lives and promote well-being for all at all ages,Health & Family Welfare,"Strengthen the prevention and treatment of substance abuse, including narcotic drug abuse and harmful use of alcohol.","Health and Family
Welfare, Home.","Coverage of treatment interventions (pharmacological, psychosocial and rehabilitation and aftercare services) for substance use disorders.",3.4,3.4.1
3,Ensure healthy lives and promote well-being for all at all ages,Health & Family Welfare,"Strengthen the prevention and treatment of substance abuse, including narcotic drug abuse and harmful use of alcohol.","Health and Family
Welfare, Home.","Harmful use of alcohol, defined according to the national context as alcohol per capita consumption (aged 15 years and older) within a calendar year in litres of pure alcohol.",3.4,3.4.2
3,Ensure healthy lives and promote well-being for all at all ages,Health & Family Welfare,"By 2020, halve the number of deaths and injuries from road traffic accidents.","Transport, Health and Family Welfare, Home.","Number of road traffic fatal injury deaths within 30 days, per 100,000 population (age-standardized).",3.5,3.5.1
3,Ensure healthy lives and promote well-being for all at all ages,Health & Family Welfare,"By 2030, ensure universal access to sexual and reproductive health-care services, including for family planning, information and education, and the integration of reproductive health into national strategies and programmes.","Health and Family Welfare, Public Works.",Percentage of women of reproductive age (aged 15-49) who have their need for family planning satisfied with modern methods.,3.6,3.6.1
3,Ensure healthy lives and promote well-being for all at all ages,Health & Family Welfare,"By 2030, ensure universal access to sexual and reproductive health-care services, including for family planning, information and education, and the integration of reproductive health into national strategies and programmes.","Health and Family Welfare, Public Works.","Adolescent birth rate (aged 10-14; aged 15-19) per 1,000 women in that age group.",3.6,3.6.2
3,Ensure healthy lives and promote well-being for all at all ages,Health & Family Welfare,"Achieve universal health coverage, including financial risk protection, access to quality essential health-care services and access to safe, effective, quality and affordable essential medicines and vaccines for all.","Health and Family Welfare, Ayurveda.","Coverage of tracer interventions (e.g. child full immunization, antiretroviral therapy, tuberculosis treatment, hypertension treatment, skilled attendant at birth, etc.).",3.7,3.7.1
3,Ensure healthy lives and promote well-being for all at all ages,Health & Family Welfare,"Achieve universal health coverage, including financial risk protection, access to quality essential health-care services and access to safe, effective, quality and affordable essential medicines and vaccines for all.","Health and Family Welfare, Ayurveda.",Fraction of the population protected against catastrophic/impoverishing out-of-pocket health expenditure.,3.7,3.7.2
3,Ensure healthy lives and promote well-being for all at all ages,Health & Family Welfare,"By 2030, substantially reduce the number of deaths and illnesses from hazardous chemicals and air, water and soil pollution and contamination.",Health and Family Welfare.,Mortality rate attributed to household and ambient air pollution.,3.8,3.8.1
3,Ensure healthy lives and promote well-being for all at all ages,Health & Family Welfare,"By 2030, substantially reduce the number of deaths and illnesses from hazardous chemicals and air, water and soil pollution and contamination.",Health and Family Welfare.,"Mortality rate attributed to hazardous chemicals, water and soil pollution and contamination.",3.8,3.8.2
3,Ensure healthy lives and promote well-being for all at all ages,Health & Family Welfare,"Strengthen the implementation of the World Health Organization Framework Convention on Tobacco Control in all countries, as appropriate.","Health and Family
Welfare, Ayurveda.",Age-standardized prevalence of current tobacco use among persons aged 15 years and older.,3.9,3.9.1
3,Ensure healthy lives and promote well-being for all at all ages,Health & Family Welfare,"Support the research and development of vaccines and medicines for the communicable and non-communicable diseases that primarily affect developing countries, provide access to affordable essential medicines and vaccines, in accordance with the Doha Declaration on the TRIPS Agreement and Public Health, which affirms the right of developing countries to use to the full the provisions in the Agreement on Trade-Related Aspects of Intellectual Property Rights regarding flexibilities to protect public health, and, in particular, provide access to medicines for all.","Health and Family Welfare, Ayurveda.",Proportion of the population with access to affordable medicines and vaccines on a sustainable basis,3.10,3.10.1
3,Ensure healthy lives and promote well-being for all at all ages,Health & Family Welfare,"Support the research and development of vaccines and medicines for the communicable and non-communicable diseases that primarily affect developing countries, provide access to affordable essential medicines and vaccines, in accordance with the Doha Declaration on the TRIPS Agreement and Public Health, which affirms the right of developing countries to use to the full the provisions in the Agreement on Trade-Related Aspects of Intellectual Property Rights regarding flexibilities to protect public health, and, in particular, provide access to medicines for all.","Health and Family Welfare, Ayurveda.",Total net official development assistance to the medical research and basic health sectors.,3.10,3.10.2
3,Ensure healthy lives and promote well-being for all at all ages,Health & Family Welfare,"Substantially increase health financing and the recruitment, development, training and retention of the health workforce.","Health and Family Welfare, Ayurveda.",Health worker density and distribution.,3.11,3.11.1
3,Ensure healthy lives and promote well-being for all at all ages,Health & Family Welfare,"Strengthen the capacity for early warning, risk reduction and management of local, National and global health risks.","Health & Family Welfare, Ayurveda",Percentage of attributes of 13 core capacities that have been attained at a specific point in time.,3.12,3.12.1
4,"Ensure inclusive and equitable quality education and promote lifelong learning opportunities
for all",Education,"By 2030, ensure that all girls and boys complete free, equitable and quality primary and secondary education leading to relevant and effective learning outcomes.","Elementary Education, Secondary and Higher Education .","Percentage of children/young people: (a) in grades 2/3; (b) at the end of primary; and (c) at the end of lower secondary achieving at least a minimum proficiency level in (i) reading and (ii) mathematics. Disaggregations: sex, location, wealth (and others where data are available).",4.1,4.1.1
4,"Ensure inclusive and equitable quality education and promote lifelong learning opportunities
for all",Education,"By 2030, ensure that all girls and boys have access to quality early childhood development, care and pre-primary education so that they are ready for primary education.",Elementary Education.,"Percentage of children under 5 years of age who are developmentally on track in health, learning and psychosocial well-being. Disaggregations: sex, location, wealth (and others where data are available).",4.2,4.2.1
4,"Ensure inclusive and equitable quality education and promote lifelong learning opportunities
for all",Education,"By 2030, ensure that all girls and boys have access to quality early childhood development, care and pre-primary education so that they are ready for primary education.",Elementary Education.,Participation rate in organized learning (one year before the official primary entry age).,4.2,4.2.2
4,"Ensure inclusive and equitable quality education and promote lifelong learning opportunities
for all",Education,"By 2030, ensure equal access for all women and men to affordable and quality technical, vocational and tertiary education, including university.","Education, Technical Education.",Participation rate of youth and adults in formal and non-formal education and training in the last 12 months.,4.3,4.3.1
4,"Ensure inclusive and equitable quality education and promote lifelong learning opportunities
for all",Education,"By 2030, substantially increase the number of youth and adults who have relevant skills, including technical and vocational skills, for employment, decent jobs and entrepreneurship.",Technical Education.,Percentage of youth/adults with information and communications technology (ICT) skills by type of skill.,4.4,4.4.1
4,"Ensure inclusive and equitable quality education and promote lifelong learning opportunities
for all",Education,"By 2030, eliminate gender disparities in education and ensure equal access to all levels of education and vocational training for the vulnerable, including persons with disabilities, indigenous peoples and children in vulnerable situations.","Elementary Education, Higher education, Technical Education, Medical Education.","Parity indices (female/male, rural/urban, bottom/top wealth quintile and others such as disability status, indigenous people and conflict-affected as data become available) for all indicators on this list that can be disaggregated.",4.5,4.5.1
4,"Ensure inclusive and equitable quality education and promote lifelong learning opportunities
for all",Education,"By 2030, ensure that all youth and a substantial proportion of adults, both men and women, achieve literacy and numeracy.","Elementary Education, Secondary Education.","Percentage of population in a given age group achieving at least a fixed level of proficiency in functional (a) literacy and (b) numeracy skills. Disaggregations: sex, location, wealth (and others where data are available).",4.6,4.6.1
4,"Ensure inclusive and equitable quality education and promote lifelong learning opportunities
for all",Education,"By 2030, ensure that all learners acquire the knowledge and skills needed to promote sustainable development, including, among others, through education for sustainable development and sustainable lifestyles, human rights, gender equality, promotion of a culture of peace and non-violence, global citizenship and appreciation of cultural diversity and of cultures contribution to sustainable development.",Secondary Education.,Percentage of 15-year-old students enrolled in secondary school demonstrating at least a fixed level of knowledge across a selection of topics in environmental science and geoscience. The exact choice/range of topics will depend on the survey or assessment in which the indicator is collected. Disaggregations: sex and location (and others where data are available),4.7,4.7.1
4,"Ensure inclusive and equitable quality education and promote lifelong learning opportunities
for all",Education,"Build and upgrade education facilities that are child, disability and gender sensitive and provide safe, non-violent, inclusive and effective learning environments for al.","Elementary Education, Higher Education, Technical Education .","Percentage of schools with access to: (a) electricity; (b) the Internet for pedagogical purposes; (c) computers for pedagogical purposes; (d) adapted infrastructure and materials for students with disabilities; (e) single-sex basic sanitation facilities; and (f) basic handwashing facilities (as per the Water, Sanitation and Hygiene for All (WASH) indicator definitions).",4.8,4.8.1
4,"Ensure inclusive and equitable quality education and promote lifelong learning opportunities
for all",Education,"By 2020, substantially expand the number of scholarships available for enrolment in higher education, including vocational training and information and communications technology, technical, engineering and scientific programmes.","Elementary Education, Higher Education, Technical Education, Medical Education.",Volume of official development assistance flows for scholarships by sector and type of study.,4.9,4.9.1
4,"Ensure inclusive and equitable quality education and promote lifelong learning opportunities
for all",Education,"By 2030, substantially increase the supply of qualified teachers, including through international cooperation for teacher training.","Elementary Education, Higher Education, Technical Education, Vocational Education.",Percentage of teachers in: (a) pre- primary; (b) primary; (c) lower secondary; and (d) upper secondary education who have received at least the minimum organized teacher training (e.g. pedagogical training) pre-service or in-service required for teaching at the relevant level in the State Disaggregations: sex (and others where data are available).,4.10,4.10.1
5,"Achieve gender equality and empower all women and
girls",Social Justice and Empowerme nt,End all forms of discrimination against all women and girls everywhere.,"SCs, OBCs & Minority Affairs, Tribal Development, Women & Child Development.","Whether or not legal frameworks are in place to promote, enforce and monitor equality and non- discrimination on the basis of sex.",5.1,5.1.1
5,"Achieve gender equality and empower all women and
girls",Social Justice and Empowerme nt,"Eliminate all forms of violence against all women and girls in the public and private spheres, including trafficking and sexual and other types of exploitation.","Women & Child Development, Home.","Proportion of ever-partnered women and girls aged 15 years and older subjected to physical, sexual or psychological violence by a current or former intimate partner, in the last 12 months, by form of violence and by age group.",5.2,5.2.1
5,"Achieve gender equality and empower all women and
girls",Social Justice and Empowerme nt,"Eliminate all forms of violence against all women and girls in the public and private spheres, including trafficking and sexual and other types of exploitation.","Women & Child Development, Home.","Proportion of women and girls aged 15 years and older subjected to sexual violence by persons other than an intimate partner, in the last 12 months, by age group and place of occurrence.",5.2,5.2.2
5,"Achieve gender equality and empower all women and
girls",Social Justice and Empowerme nt,"Eliminate all harmful practices, such as child, early and forced marriage and female genital mutilation.",Women & Child Development.,Percentage of women aged 20-24 who were married or in a union before age 15 and before age 18.,5.3,5.3.1
5,"Achieve gender equality and empower all women and
girls",Social Justice and Empowerme nt,"Eliminate all harmful practices, such as child, early and forced marriage and female genital mutilation.",Women & Child Development.,"Percentage of girls and women aged 15-49 who have undergone female genital mutilation/cutting, by age group.",5.3,5.3.2
5,"Achieve gender equality and empower all women and
girls",Social Justice and Empowerme nt,"Recognize and value unpaid care and domestic work through the provision of public services, infrastructure and social protection policies and the promotion of shared responsibility within the household and the family as appropriate.","Women & Child Development, Economics & Statistics.","Percentage of time spent on unpaid domestic and care work, by sex, age group and location.",5.4,5.4.1
5,"Achieve gender equality and empower all women and
girls",Social Justice and Empowerme nt,"Ensure womens full and effective participation and equal opportunities for leadership at all levels of decision-making in political, economic and public life.","Women & Child Development, Panchayati Raj, Urban Development.",Proportion of seats held by women in national parliaments and local governments.,5.5,5.5.1
5,"Achieve gender equality and empower all women and
girls",Social Justice and Empowerme nt,"Ensure womens full and effective participation and equal opportunities for leadership at all levels of decision-making in political, economic and public life.","Women & Child Development, Panchayati Raj, Urban Development.",Proportion of women in managerial positions.,5.5,5.5.2
5,"Achieve gender equality and empower all women and
girls",Social Justice and Empowerme nt,Ensure universal access to sexual and reproductive health and reproductive rights as agreed in accordance with the Programme of Action of the International Conference on Population and Development and the Beijing Platform for Action and the outcome documents of their review conferences.,"Women & Child Development, Health and Family Welfare.","Proportion of women aged 15-49 who make their own informed decisions regarding sexual relations, contraceptive use and reproductive health care.",5.6,5.6.1
5,"Achieve gender equality and empower all women and
girls",Social Justice and Empowerme nt,Ensure universal access to sexual and reproductive health and reproductive rights as agreed in accordance with the Programme of Action of the International Conference on Population and Development and the Beijing Platform for Action and the outcome documents of their review conferences.,"Women & Child Development, Health and Family Welfare.","Number of countries with laws and regulations that guarantee women aged 15-49 access to sexual and reproductive health care, information and education.",5.6,5.6.2
5,"Achieve gender equality and empower all women and
girls",Social Justice and Empowerme nt,"Undertake reforms to give women equal rights to economic resources, as well as access to ownership and control over land and other forms of property, financial services, inheritance and natural resources, in accordance with national laws.","Women & Child Development, Revenue.","(a) Percentage of people with ownership or secure rights over agricultural land (out of total agricultural population), by sex; and (b) share of women among owners or rights-bearers of agricultural land, by type of tenure.",5.7,5.7.1
5,"Achieve gender equality and empower all women and
girls",Social Justice and Empowerme nt,"Enhance the use of enabling technology, in particular information and communications technology, to promote the empowerment of women.",Information Technology.,"Proportion of individuals who own a mobile telephone, by sex.",5.8,5.8.1
5,"Achieve gender equality and empower all women and
girls",Social Justice and Empowerme nt,Adopt and strengthen sound policies and enforceable legislation for the promotion of gender equality and the empowerment of all women and girls at all levels.,"SCs, OBCs & Minority Affairs ,Women & Child Development.",Systems to track and make public allocations for gender equality and womens empowerment.,5.9,5.9.1
6,Ensure availability and sustainable management of water and sanitation for all,Irrigation & Public Health,"By 2030, achieve universal and equitable access to safe and affordable drinking water for all.","Irrigation & Public Health, Panchayati Raj, Urban
Development.",Percentage of population using safely managed drinking water services.,6.1,6.1.1
6,Ensure availability and sustainable management of water and sanitation for all,Irrigation & Public Health,"By 2030, achieve access to adequate and equitable sanitation and hygiene for all and end open defecation, paying special attention to the needs of women and girls and those in vulnerable situations.","Irrigation & Public Health, Panchayati Raj, Urban
Development  and Health.","Percentage of population using safely managed sanitation services, including a hand-washing facility with soap and water.",6.2,6.2.1
6,Ensure availability and sustainable management of water and sanitation for all,Irrigation & Public Health,"By 2030, improve water quality by reducing pollution, eliminating dumping and minimizing release of hazardous chemicals and materials, halving the proportion of untreated wastewater and substantially increasing recycling and safe reuse.","Irrigation & Public Health, Panchayati Raj, Urban Development,  Health and Family Welfare.",Percentage of wastewater safely treated.,6.3,6.3.1
6,Ensure availability and sustainable management of water and sanitation for all,Irrigation & Public Health,"By 2030, improve water quality by reducing pollution, eliminating dumping and minimizing release of hazardous chemicals and materials, halving the proportion of untreated wastewater and substantially increasing recycling and safe reuse.","Irrigation & Public Health, Panchayati Raj, Urban Development,  Health and Family Welfare.",Percentage of bodies of water with good ambient water quality.,6.3,6.3.2
6,Ensure availability and sustainable management of water and sanitation for all,Irrigation & Public Health,"By 2030, substantially increase water-use efficiency across all sectors and ensure sustainable withdrawals and supply of freshwater to address water scarcity and substantially reduce the number of people suffering from water scarcity.","Irrigation and  Public Health, Environment & Scientific Technology.",Percentage change in water use efficiency over time.,6.4,6.4.1
6,Ensure availability and sustainable management of water and sanitation for all,Irrigation & Public Health,"By 2030, substantially increase water-use efficiency across all sectors and ensure sustainable withdrawals and supply of freshwater to address water scarcity and substantially reduce the number of people suffering from water scarcity.","Irrigation and  Public Health, Environment & Scientific Technology.","Percentage of total available water resources used, taking environmental water requirements into account (level of water stress).",6.4,6.4.2
6,Ensure availability and sustainable management of water and sanitation for all,Irrigation & Public Health,"By 2030, implement integrated water resources management at all levels, including through transboundary cooperation as appropriate.",Irrigation & Public Health.,Degree of integrated water resources management implementation (0- 100).,6.5,6.5.1
6,Ensure availability and sustainable management of water and sanitation for all,Irrigation & Public Health,"By 2020, protect and restore water-related ecosystems, including mountains, forests, wetlands, rivers, aquifers and lakes.","Irrigation & Public Health, Environment & Scientific
Technology.",Percentage of change in the extent of water-related ecosystems over time.,6.6,6.6.1
6,Ensure availability and sustainable management of water and sanitation for all,Irrigation & Public Health,"By 2030, expand international cooperation and capacity-building support to in water- and sanitation-related activities and programmes, including water harvesting, desalination, water efficiency, wastewater treatment, recycling and reuse technologies.","Irrigation & Public Health, Agriculture, Urban Development & Panchayati Raj.",Amount of water-and sanitation- related official development assistance that is part of a government coordinated spending plan.,6.7,6.7.1
6,Ensure availability and sustainable management of water and sanitation for all,Irrigation & Public Health,Support and strengthen the participation of local communities in improving water and sanitation management.,"Irrigation & Public Health, Agriculture, Urban Development, Panchayati Raj.",Percentage of total projects/schemes run and managed by participation of local communities with established and operational policies and procedures for participation of local communities in water and sanitation management.,6.8,6.8.1
7,"Ensure access to affordable, reliable, sustainable and modern energy
for all","MPP &
Power","By 2030, ensure universal access to affordable, reliable and modern energy services.",Energy.,Percentage of household with access to electricity.,7.1,7.1.1
7,"Ensure access to affordable, reliable, sustainable and modern energy
for all","MPP &
Power","By 2030, ensure universal access to affordable, reliable and modern energy services.",Energy.,Percentage of household with primary reliance on clean fuels and technology.,7.1,7.1.2
7,"Ensure access to affordable, reliable, sustainable and modern energy
for all","MPP &
Power","By 2030, increase substantially the share of renewable energy in the global energy mix.",Energy.,Renewable energy share in the total final energy consumption.,7.2,7.2.1
7,"Ensure access to affordable, reliable, sustainable and modern energy
for all","MPP &
Power","By 2030, double the global rate of improvement in energy efficiency.",Energy.,Energy intensity measured in terms of primary energy and gross domestic product (GDP).,7.3,7.3.1
7,"Ensure access to affordable, reliable, sustainable and modern energy
for all","MPP &
Power","By 2030, enhance international cooperation to facilitate access to clean energy research and technology, including renewable energy, energy efficiency and advanced and cleaner fossil-fuel technology, and promote investment in energy infrastructure and clean energy technology.",Energy.,Mobilized amount of United States dollars per year.,7.4,7.4.1
7,"Ensure access to affordable, reliable, sustainable and modern energy
for all","MPP &
Power","By 2030, expand infrastructure and upgrade technology for supplying modern and sustainable energy services for all in accordance with their respective programmes of support.",Energy.,"Ratio of value added to net domestic energy use, by industry.",7.5,7.5.1
8,"Promote sustained, inclusive and sustainable economic growth, full and productive employment and decent work for all",Planning,"Sustain per capita economic growth in accordance with national circumstances and, in particular, at least 7 per cent gross domestic product growth per annum in the least developed countries.","Planning, Economics and  Statistics.",Annual growth rate of real GDP per capita.,8.1,8.1.1
8,"Promote sustained, inclusive and sustainable economic growth, full and productive employment and decent work for all",Planning,"Achieve higher levels of economic productivity through diversification, technological upgrading and innovation, including through a focus on high-value added and labour-intensive sectors.","Planning, Economics and  Statistics.",Annual growth rate of real GDP per employed person.,8.2,8.2.1
8,"Promote sustained, inclusive and sustainable economic growth, full and productive employment and decent work for all",Planning,"Promote development-oriented policies that support productive activities, decent job creation, entrepreneurship, creativity and innovation, and encourage the formalization and growth of micro-, small-and medium-sized enterprises, including through access to financial services.","Planning, Economics and  Statistics.","Share of informal employment in non-agriculture employment, by sex.",8.3,8.3.1
8,"Promote sustained, inclusive and sustainable economic growth, full and productive employment and decent work for all",Planning,"Improve progressively, through 2030, global resource efficiency in consumption and production and endeavour to decouple economic growth from environmental degradation, in accordance with the 10- Year Framework of Programmes on Sustainable Consumption and Production, with developed countries taking the lead.","Economics  and Statistics, Environment and Scientific Technology.",Resource productivity.,8.4,8.4.1
8,"Promote sustained, inclusive and sustainable economic growth, full and productive employment and decent work for all",Planning,"By 2030, achieve full and productive employment and decent work for all women and men, including for young people and persons with disabilities, and equal pay for work of equal value.","SCs, OBCs  and Minority  Affairs, Economics  and Statistics.","Average hourly earnings of female and male employees, by occupation, age group and persons with disabilities.",8.5,8.5.1
8,"Promote sustained, inclusive and sustainable economic growth, full and productive employment and decent work for all",Planning,"By 2030, achieve full and productive employment and decent work for all women and men, including for young people and persons with disabilities, and equal pay for work of equal value.","SCs, OBCs  and Minority  Affairs, Economics  and Statistics.","Unemployment rate, by sex, age group and persons with disabilities.",8.5,8.5.2
8,"Promote sustained, inclusive and sustainable economic growth, full and productive employment and decent work for all",Planning,"By 2020, substantially reduce the proportion of youth not in employment, education or training.",Planning.,"Percentage of youth (aged 15-24) not in education, employment or training.",8.6,8.6.1
8,"Promote sustained, inclusive and sustainable economic growth, full and productive employment and decent work for all",Planning,"Take immediate and effective measures to eradicate forced labour, end modern slavery and human trafficking and secure the prohibition and elimination of the worst forms of child labour, including recruitment and use of child soldiers, and by 2025 end child labour in all its forms.","SCs, OBCs  and Minority  Affairs, Women and  Child Development, Economics and Statistics.","Percentage and number of children aged 5-17 engaged in child labour, by sex and age group.",8.7,8.7.1
8,"Promote sustained, inclusive and sustainable economic growth, full and productive employment and decent work for all",Planning,"Protect labour rights and promote safe and secure working environments for all workers, including migrant workers, in particular women migrants, and those in precarious employment.","Labour  and Employment, Economics  and Statistics.","Frequency rates of fatal and non- fatal occupational injuries, by sex and migrant status.",8.8,8.8.1
8,"Promote sustained, inclusive and sustainable economic growth, full and productive employment and decent work for all",Planning,"Protect labour rights and promote safe and secure working environments for all workers, including migrant workers, in particular women migrants, and those in precarious employment.","Labour  and Employment, Economics  and Statistics.","Number of International Labour Organization (ILO) Conventions ratified, by type of convention.",8.8,8.8.2
8,"Promote sustained, inclusive and sustainable economic growth, full and productive employment and decent work for all",Planning,"By 2030, devise and implement policies to promote sustainable tourism that creates jobs and promotes local culture and products.","Tourism, Economics and  Statistics.","Tourism direct GDP (as a percentage of total GDP and in growth rate); and number of jobs in tourism industries (as a percentage of total jobs and growth rate of jobs, by sex)",8.9,8.9.1
8,"Promote sustained, inclusive and sustainable economic growth, full and productive employment and decent work for all",Planning,"Strengthen the capacity of domestic financial institutions to encourage and expand access to banking, insurance and financial services for all.",Finance (Institutional Finance).,"Number of commercial bank branches and automated teller machines (ATMs) per 100,000 adults.",8.10,8.10.1
8,"Promote sustained, inclusive and sustainable economic growth, full and productive employment and decent work for all",Planning,"Strengthen the capacity of domestic financial institutions to encourage and expand access to banking, insurance and financial services for all.",Finance (Institutional Finance).,Percentage of adults (15 years and older) with an account at a bank or other financial institution or with a mobile money service provider.,8.10,8.10.2
8,"Promote sustained, inclusive and sustainable economic growth, full and productive employment and decent work for all",Planning,"By 2020, develop and operationalize a strategy for youth employment and implement the Jobs Pact with Labour Organization.","SCs, OBCs and Minority Affairs, Labour and Employment, Economics and Statistics.",Total government spending in social protection and employment programmes as a percentage of the national budgets and GDP.,8.11,8.11.1
9,"Build resilient infrastructure, promote inclusive and sustainable industrializatio n and foster innovation",Department of Industries,"Develop quality, reliable, sustainable and resilient infrastructure, including regional and transborder infrastructure, to support economic development and human well- being, with a focus on affordable and equitable access for all.",Public Works Transport.,Share of the rural population who live within 2 km of an all-season road.,9.1,9.1.1
9,"Build resilient infrastructure, promote inclusive and sustainable industrializatio n and foster innovation",Department of Industries,"Develop quality, reliable, sustainable and resilient infrastructure, including regional and transborder infrastructure, to support economic development and human well- being, with a focus on affordable and equitable access for all.",Public Works Transport.,"Passenger and freight volumes, by mode of transport.",9.1,9.1.2
9,"Build resilient infrastructure, promote inclusive and sustainable industrializatio n and foster innovation",Department of Industries,"Promote inclusive and sustainable industrialization and, by 2030, significantly raise industrys share of employment and gross domestic product, in line with national circumstances, and double its share in least developed countries.",Industries.,Manufacturing employment as a percentage of total employment.,9.2,9.2.2
9,"Build resilient infrastructure, promote inclusive and sustainable industrializatio n and foster innovation",Department of Industries,"Increase the access of small-scale industrial and other enterprises, in particular in developing countries, to financial services, including affordable credit, and their integration into value chains and markets.",Industries.,Percentage share of small-scale industries in total industry value added.,9.3,9.3.1
9,"Build resilient infrastructure, promote inclusive and sustainable industrializatio n and foster innovation",Department of Industries,"Increase the access of small-scale industrial and other enterprises, in particular in developing countries, to financial services, including affordable credit, and their integration into value chains and markets.",Industries.,Percentage of small-scale industries with a loan or line of credit.,9.3,9.3.2
9,"Build resilient infrastructure, promote inclusive and sustainable industrializatio n and foster innovation",Department of Industries,"By 2030, upgrade infrastructure and retrofit industries to make them sustainable, with increased resource-use efficiency and greater adoption of clean and environmentally sound technologies and industrial processes, with all countries taking action in accordance with their respective capabilities.","Industries, Environment  and Scientific Technology.",CO2 emission per unit of value added.,9.4,9.4.1
9,"Build resilient infrastructure, promote inclusive and sustainable industrializatio n and foster innovation",Department of Industries,"Enhance scientific research, upgrade the technological capabilities of industrial sectors in all countries, in particular developing countries, including, by 2030, encouraging innovation and substantially increasing the number of research and development workers per 1 million people and public and private research and development spending.","Industries, Environment and Scientific Technology.",Research and development expenditure as a percentage of GDP,9.5,9.5.1
9,"Build resilient infrastructure, promote inclusive and sustainable industrializatio n and foster innovation",Department of Industries,"Enhance scientific research, upgrade the technological capabilities of industrial sectors in all countries, in particular developing countries, including, by 2030, encouraging innovation and substantially increasing the number of research and development workers per 1 million people and public and private research and development spending.","Industries, Environment and Scientific Technology.",Researchers (in full-time equivalent) per million inhabitants.,9.5,9.5.2
9,"Build resilient infrastructure, promote inclusive and sustainable industrializatio n and foster innovation",Department of Industries,"Facilitate sustainable and resilient infrastructure development through enhanced financial, technological and technical support.","Public Works, Industries, Irrigation and Public Health,
Energy.",%age of budgetary outlays for infrastructural development,9.6,9.6.1
9,"Build resilient infrastructure, promote inclusive and sustainable industrializatio n and foster innovation",Department of Industries,"Support domestic technology development, research and innovation by ensuring a conducive policy environment for, inter alia, industrial diversification and value addition to commodities.",Industries.,Percentage of medium and high-tech industry value added in total value added.,9.7,9.7.1
9,"Build resilient infrastructure, promote inclusive and sustainable industrializatio n and foster innovation",Department of Industries,Significantly increase access to information and communications technology and strive to provide universal and affordable access to the Internet.,Information Technology.,"Percentage of population covered by a mobile network, by technology.",9.8,9.8.1
10,Reduce inequality within the State,Planning,"By 2030, progressively achieve and sustain income growth of the bottom 40 per cent of the population at a rate higher than the national average.","Rural Development, Urban Development, Agriculture,
Horticulture, Animal Husbandry.",rates of household expenditure or income per capita among the bottom 40 per cent of the population and the total population.,10.1,10.1.1
10,Reduce inequality within the State,Planning,"By 2030, empower and promote the social, economic and political inclusion of all, irrespective of age, sex, disability, race, ethnicity, origin, religion or economic or other status.","Rural Development, Urban Development, Agriculture, Horticulture, Animal Husbandry, Elections,
Panchayati  Raj.","Proportion of people living below 50 per cent of median income, disaggregated by age group, sex and persons with disabilities.",10.2,10.2.1
10,Reduce inequality within the State,Planning,"Ensure equal opportunity and reduce inequalities of outcome, including by eliminating discriminatory laws, policies and practices and promoting appropriate legislation, policies and action in this regard.","Rural Development, Urban Development, Agriculture, Horticulture, Animal Husbandry, SCs, OBCs  and Minority Affairs, Tribal Development.",Percentage of the population reporting having personally felt discriminated against or harassed within the last 12 months on the basis of a ground of discrimination prohibited under international human rights law.,10.3,10.3.1
10,Reduce inequality within the State,Planning,"Adopt policies, especially fiscal, wage and social protection policies, and progressively achieve greater equality.","Finance, Planning, Labour  and Employment SCs, OBCs  and  Minority Affairs, Women and Child Development, Tribal Development, Agriculture, Horticulture,  Animal
Husbandry.","Labour share of GDP, comprising wages and social protection transfers.",10.4,10.4.1
11,"Make cities and human settlements inclusive, safe,
resilient and sustainable",Urban Development,"By 2030, ensure access for all to adequate, safe and affordable housing and basic services and upgrade slums.","Urban Development, Public Works, Irrigation  and Public Health, Transport,
Home, Town and Country Planning.","Proportion of urban population living in slums, informal settlements or inadequate housing.",11.1,11.1.1
11,"Make cities and human settlements inclusive, safe,
resilient and sustainable",Urban Development,"By 2030, provide access to safe, affordable, accessible and sustainable transport systems for all, improving road safety, notably by expanding public transport, with special attention to the needs of those in vulnerable situations, women, children, persons with disabilities and older persons.","Urban Development, Transport, Home, Town  and  Country Planning, SCs, OBCs and  Minority  Affairs, Women  and  Child Development.","Proportion of the population that has convenient access to public transport, disaggregated by age group, sex and persons with disabilities.",11.2,11.2.1
11,"Make cities and human settlements inclusive, safe,
resilient and sustainable",Urban Development,"By 2030, enhance inclusive and sustainable urbanization and capacity for participatory, integrated and sustainable human settlement planning and management.","Urban Development, Home, Town  and Country Planning, Revenue.",Ratio of land consumption rate to population growth rate.,11.3,11.3.1
11,"Make cities and human settlements inclusive, safe,
resilient and sustainable",Urban Development,"By 2030, enhance inclusive and sustainable urbanization and capacity for participatory, integrated and sustainable human settlement planning and management.","Urban Development, Home, Town  and Country Planning, Revenue.",Percentage of cities with a direct participation structure of civil society in urban planning and management which operate regularly and democratically.,11.3,11.3.2
11,"Make cities and human settlements inclusive, safe,
resilient and sustainable",Urban Development,Strengthen efforts to protect and safeguard the worlds cultural and natural heritage.,"Urban Development, Language Art  and Culture, Town  and
Country Planning.","Share of municipal budget which is dedicated to the preservation, protection and conservation of state/national cultural natural heritage, including World Heritage sites.",11.4,11.4.1
11,"Make cities and human settlements inclusive, safe,
resilient and sustainable",Urban Development,"By 2030, significantly reduce the number of deaths and the number of people affected and substantially decrease the direct economic losses relative to gross domestic product caused by disasters, including water-related disasters, with a focus on protecting the poor and people in vulnerable situations.","Urban Development, Health and Family Welfare, Revenue, Disaster Management.","Number of deaths, missing people, injured, relocated or evacuated due to disasters per 100,000 people.",11.5,11.5.1
11,"Make cities and human settlements inclusive, safe,
resilient and sustainable",Urban Development,"By 2030, reduce the adverse per capita environmental impact of cities, including by paying special attention to air quality and municipal and other waste management.","Urban Development, Environment  and Scientific Technology.",Percentage of urban solid waste regularly collected and with adequate final discharge with regard to the total waste generated by the city.,11.6,11.6.1
11,"Make cities and human settlements inclusive, safe,
resilient and sustainable",Urban Development,"By 2030, reduce the adverse per capita environmental impact of cities, including by paying special attention to air quality and municipal and other waste management.","Urban Development, Environment  and Scientific Technology.",Annual mean levels of fine particulate matter (e.g. PM2.5 and PM10) in cities (population weighted).,11.6,11.6.2
11,"Make cities and human settlements inclusive, safe,
resilient and sustainable",Urban Development,"By 2030, provide universal access to safe, inclusive and accessible, green and public spaces, in particular for women and children, older persons and persons with disabilities.","Urban Development, Home, Forestry  and Wild Life.","The average share of the built-up area of cities that is open space for public use for all, disaggregated by age group, sex and persons with disabilities.",11.7,11.7.1
11,"Make cities and human settlements inclusive, safe,
resilient and sustainable",Urban Development,"By 2030, provide universal access to safe, inclusive and accessible, green and public spaces, in particular for women and children, older persons and persons with disabilities.","Urban Development, Home, Forestry  and Wild Life.","Proportion of women subjected to physical or sexual harassment, by perpetrator and place of occurrence (last 12 months).",11.7,11.7.2
11,"Make cities and human settlements inclusive, safe,
resilient and sustainable",Urban Development,"Support positive economic, social and environmental links between urban, peri- urban and rural areas by strengthening national and regional development planning.","Urban Development, Town  and  Country Planning.","Cities with more than 100,000 inhabitants that implement urban and regional development plans integrating population projections and resource needs.",11.8,11.8.1
11,"Make cities and human settlements inclusive, safe,
resilient and sustainable",Urban Development,"By 2020, substantially increase the number of cities and human settlements adopting and implementing integrated policies and plans towards inclusion, resource efficiency, mitigation and adaptation to climate change, resilience to disasters, and develop and implement, in line with the Sendai Framework for Disaster Risk Reduction 2015-2030, holistic disaster risk management at all levels.","Urban Development, Town  and  Country
Planning, Revenue, Disaster Management, Home.","Percentage of cities that are implementing risk reduction and resilience strategies aligned with accepted international frameworks (such as the successor to the Hyogo Framework for Action 2005-2015 on disaster risk reduction) that include vulnerable and marginalized groups in their design, implementation and monitoring.",11.9,11.9.1
11,"Make cities and human settlements inclusive, safe,
resilient and sustainable",Urban Development,"Support through financial and technical assistance, in building sustainable and resilient buildings utilizing local materials.","Urban Development, Town and Country Planning, Public
Works.","Percentage of financial support that is allocated to the construction and retrofitting of sustainable, resilient and resource-efficient buildings.",11.10,11.10.1
12,"Ensure sustainable consumption and production
patterns",Environment & Scientific Technology,"By 2030, achieve the sustainable management and efficient use of natural resources","Environment and Scientific Technology, Forestry and Wild Life.",Material footprint and material footprint per capita.,12.1,12.1.1
12,"Ensure sustainable consumption and production
patterns",Environment & Scientific Technology,"By 2030, halve per capita food waste at the retail and consumer levels and reduce food losses along production and supply chains, including post-harvest losses.","Environment and Scientific Technology, Agriculture, Horticulture.",Global food loss index.,12.2,12.2.1
12,"Ensure sustainable consumption and production
patterns",Environment & Scientific Technology,"By 2020, achieve the environmentally sound management of chemicals and all wastes throughout their life cycle, in accordance with agreed international frameworks, and significantly reduce their release to air, water and soil in order to minimize their adverse impacts on human health and the environment.","Environment and Scientific Technology, Agriculture, Horticulture, Health and Family Welfare, Urban Development, Panchayati Raj.",Number of parties to international multilateral environmental agreements on hazardous and other chemicals and waste that meet their commitments and obligations in transmitting information as required by each relevant agreement.,12.3,12.3.1
12,"Ensure sustainable consumption and production
patterns",Environment & Scientific Technology,"By 2020, achieve the environmentally sound management of chemicals and all wastes throughout their life cycle, in accordance with agreed international frameworks, and significantly reduce their release to air, water and soil in order to minimize their adverse impacts on human health and the environment.","Environment and Scientific Technology, Agriculture, Horticulture, Health and Family Welfare, Urban Development, Panchayati Raj.","Treatment of waste, generation of hazardous waste, hazardous waste management, by type of treatment.",12.3,12.3.2
12,"Ensure sustainable consumption and production
patterns",Environment & Scientific Technology,"By 2030, substantially reduce waste generation through prevention, reduction, recycling and reuse.","Environment  and
Scientific Technology, Urban Development, Panchayati Raj.","National recycling rate, tons of material recycled.",12.4,12.4.1
12,"Ensure sustainable consumption and production
patterns",Environment & Scientific Technology,"Encourage companies, especially large and transnational companies, to adopt sustainable practices and to integrate sustainability information into their reporting cycle.","Environment  and Scientific Technology, Industries.",Number of companies publishing sustainability reports.,12.5,12.5.1
12,"Ensure sustainable consumption and production
patterns",Environment & Scientific Technology,"Promote public procurement practices that are sustainable, in accordance with national policies and priorities.","Environment and Scientific Technology, Information
Technology.",Number of departments implementing sustainable public procurement policies and action plans.,12.6,12.6.1
12,"Ensure sustainable consumption and production
patterns",Environment & Scientific Technology,"By 2030, ensure that people everywhere have the relevant information and awareness for sustainable development and lifestyles in harmony with nature.","Environment  and Scientific Technology, Education, Technical
Education, Medical Education.",Percentage of educational institutions with formal and informal education curricula on sustainable development and lifestyle topics.,12.7,12.7.1
12,"Ensure sustainable consumption and production
patterns",Environment & Scientific Technology,Support to strengthen scientific and technological capacity to move towards more sustainable patterns of consumption and production.,"Environment  and Scientific Technology,
State Council for Science Technology.",Number of qualified green patent applications over total.,12.8,12.8.1
12,"Ensure sustainable consumption and production
patterns",Environment & Scientific Technology,Develop and implement tools to monitor sustainable development impacts for sustainable tourism that creates jobs and promotes local culture and products.,"Environment  and Scientific Technology, Tourism.",Residual flows generated as a result of tourism; direct GDP.,12.9,12.9.1
13,Take urgent action to combat climate change and its impacts,Environment & Scientific Technology,Strengthen resilience and adaptive capacity to climate-related hazards and natural disasters in all countries.,"Environment  and Scientific Technology, Revenue, Disaster
Management","Number of deaths, missing people, injured, relocated or evacuated due to disasters per 100,000 people.",13.1,13.1.1
13,Take urgent action to combat climate change and its impacts,Environment & Scientific Technology,"Integrate climate change measures into national policies, strategies and planning.",Environment & Scientific Technology.,"Number of departments that have formally communicated the establishment of integrated low- carbon, climate-resilient, disaster risk reduction development strategies (e.g. a state adaptation plan process, national policies and measures to promote the transition to environmentally friendly substances and technologies).",13.2,13.2.1
13,Take urgent action to combat climate change and its impacts,Environment & Scientific Technology,"Improve education, awareness-raising and human and institutional capacity on climate change mitigation, adaptation, impact reduction and early warning.","Environment and Scientific Technology, Education, Technical Education.","Number of institutions that have integrated mitigation, adaptation, impact reduction and early warning into primary, secondary and tertiary curricula.",13.3,13.3.1
14,"Protect, restore and promote sustainable use of terrestrial ecosystems, sustainably manage forests, combat desertification, and halt and reverse land degradation and halt biodiversity
loss",Forestry & Wild Life,"By 2020, ensure the conservation, restoration and sustainable use of terrestrial and inland freshwater ecosystems and their services, in particular forests, wetlands, mountains and dry lands, in line with obligations under international agreements.","Forestry & Wild Life, Environment & Scientific Technology.",Forest area as a percentage of total land area.,14.1,14.1.1
14,"Protect, restore and promote sustainable use of terrestrial ecosystems, sustainably manage forests, combat desertification, and halt and reverse land degradation and halt biodiversity
loss",Forestry & Wild Life,"By 2020, promote the implementation of sustainable management of all types of forests, halt deforestation, restore degraded forests and substantially increase afforestation and reforestation globally.","Forestry  and Wild Life, Environment and Scientific Technology.",Forest cover under sustainable forest management.,14.2,14.2.1
14,"Protect, restore and promote sustainable use of terrestrial ecosystems, sustainably manage forests, combat desertification, and halt and reverse land degradation and halt biodiversity
loss",Forestry & Wild Life,"By 2020, promote the implementation of sustainable management of all types of forests, halt deforestation, restore degraded forests and substantially increase afforestation and reforestation globally.","Forestry  and Wild Life, Environment and Scientific Technology.",Net permanent forest loss.,14.2,14.2.2
14,"Protect, restore and promote sustainable use of terrestrial ecosystems, sustainably manage forests, combat desertification, and halt and reverse land degradation and halt biodiversity
loss",Forestry & Wild Life,"By 2030, combat desertification, restore degraded land and soil, including land affected by desertification, drought and floods, and strive to achieve a land degradation-neutral world.","Forestry  and Wild Life, Revenue.",Percentage of land that is degraded over total land area.,14.3,14.3.1
14,"Protect, restore and promote sustainable use of terrestrial ecosystems, sustainably manage forests, combat desertification, and halt and reverse land degradation and halt biodiversity
loss",Forestry & Wild Life,"By 2030, ensure the conservation of mountain ecosystems, including their biodiversity, in order to enhance their capacity to provide benefits that are essential for sustainable development.","Forestry & Wild Life, Environment &
Scientific Technology.",Coverage by protected areas of important sites for mountain biodiversity.,14.4,14.4.1
14,"Protect, restore and promote sustainable use of terrestrial ecosystems, sustainably manage forests, combat desertification, and halt and reverse land degradation and halt biodiversity
loss",Forestry & Wild Life,"By 2030, ensure the conservation of mountain ecosystems, including their biodiversity, in order to enhance their capacity to provide benefits that are essential for sustainable development.","Forestry & Wild Life, Environment &
Scientific Technology.",Mountain Green Cover Index.,14.4,14.4.2
14,"Protect, restore and promote sustainable use of terrestrial ecosystems, sustainably manage forests, combat desertification, and halt and reverse land degradation and halt biodiversity
loss",Forestry & Wild Life,"Take urgent and significant action to reduce the degradation of natural habitats, halt the loss of biodiversity and, by 2020, protect and prevent the extinction of threatened species","Forestry  and  Wild Life, Environment and  Scientific Technology.",Red List Index.,14.5,14.5.1
14,"Protect, restore and promote sustainable use of terrestrial ecosystems, sustainably manage forests, combat desertification, and halt and reverse land degradation and halt biodiversity
loss",Forestry & Wild Life,"Promote fair and equitable sharing of the benefits arising from the utilization of genetic resources and promote appropriate access to such resources, as internationally agreed.","Forestry  and  Wild Life, Agriculture and Horticulture.","Number of permits or their equivalents made available to the Access and Benefit-sharing Clearing-House established under the Nagoya Protocol on Access and Benefit-sharing and number of standard material transfer agreements, as communicated to the Governing Body of the International Treaty on Plant Genetic Resources for Food and Agriculture.",14.6,14.6.1
14,"Protect, restore and promote sustainable use of terrestrial ecosystems, sustainably manage forests, combat desertification, and halt and reverse land degradation and halt biodiversity
loss",Forestry & Wild Life,Take urgent action to end poaching and trafficking of protected species of flora and fauna and address both demand and supply of illegal wildlife products.,Forestry  and  Wild Life.,Red List Index for species in trade.,14.7,14.7.1
14,"Protect, restore and promote sustainable use of terrestrial ecosystems, sustainably manage forests, combat desertification, and halt and reverse land degradation and halt biodiversity
loss",Forestry & Wild Life,Take urgent action to end poaching and trafficking of protected species of flora and fauna and address both demand and supply of illegal wildlife products.,Forestry  and  Wild Life.,Proportion of detected trade in wildlife and wildlife products that is illegal.,14.7,14.7.2
14,"Protect, restore and promote sustainable use of terrestrial ecosystems, sustainably manage forests, combat desertification, and halt and reverse land degradation and halt biodiversity
loss",Forestry & Wild Life,"By 2020, introduce measures to prevent the introduction and significantly reduce the impact of invasive alien species on land and water ecosystems and control or eradicate the priority species.",Forestry  and  Wild Life.,Adoption of national legislation relevant to the prevention or control of invasive alien species.,14.8,14.8.1
14,"Protect, restore and promote sustainable use of terrestrial ecosystems, sustainably manage forests, combat desertification, and halt and reverse land degradation and halt biodiversity
loss",Forestry & Wild Life,"By 2020, integrate ecosystem and biodiversity values into national and local planning, development processes, poverty reduction strategies and accounts.","Forestry  and  Wild Life, Environment and Scientific Technology.",Number of national development plans and processes integrating biodiversity and ecosystem services values.,14.9,14.9.1
14,"Protect, restore and promote sustainable use of terrestrial ecosystems, sustainably manage forests, combat desertification, and halt and reverse land degradation and halt biodiversity
loss",Forestry & Wild Life,Mobilize and significantly increase financial resources from all sources to conserve and sustainably use biodiversity and ecosystems.,"Forestry  and  Wild
Life, Environment and Scientific Technology.",Official development assistance and public expenditure on conservation and sustainable use of biodiversity and ecosystems.,14.10,14.10.1
14,"Protect, restore and promote sustainable use of terrestrial ecosystems, sustainably manage forests, combat desertification, and halt and reverse land degradation and halt biodiversity
loss",Forestry & Wild Life,"Mobilize significant resources from all sources and at all levels to finance sustainable forest management and provide adequate incentives to advance such management, including for conservation and reforestation.","Forestry  and  Wild Life, Environment and  Scientific Technology.",Forestry official development assistance and forestry foreign direct investment.,14.11,14.11.1
14,"Protect, restore and promote sustainable use of terrestrial ecosystems, sustainably manage forests, combat desertification, and halt and reverse land degradation and halt biodiversity
loss",Forestry & Wild Life,"Enhance global support for efforts to combat poaching and trafficking of protected species, including by increasing the capacity of local communities to pursue sustainable livelihood opportunities.",Forestry  and   Wild Life.,Proportion of detected trade in wildlife and wildlife products that is illegal.,14.12,14.12.1
15,"Promote peaceful and inclusive societies for sustainable development, provide access to justice for all and build effective, accountable and inclusive institutions at all levels",Home,Significantly reduce all forms of violence and related death rates everywhere.,Home.,"Conflict-related deaths per 100,000 population (disaggregated by age group, sex and cause).",15.1,15.1.1
15,"Promote peaceful and inclusive societies for sustainable development, provide access to justice for all and build effective, accountable and inclusive institutions at all levels",Home,Significantly reduce all forms of violence and related death rates everywhere.,Home.,"Percentage of the population subjected to physical, psychological or sexual violence in the previous 12 months.",15.1,15.1.2
15,"Promote peaceful and inclusive societies for sustainable development, provide access to justice for all and build effective, accountable and inclusive institutions at all levels",Home,Significantly reduce all forms of violence and related death rates everywhere.,Home.,Proportion of people that feel safe walking alone around the area they live.,15.1,15.1.3
15,"Promote peaceful and inclusive societies for sustainable development, provide access to justice for all and build effective, accountable and inclusive institutions at all levels",Home,"End abuse, exploitation, trafficking and all forms of violence against and torture of children.","Home, Women  and Child Development.",Percentage of children aged 1-17 who experienced any physical punishment and/or psychological aggression by caregivers in the past month.,15.2,15.2.1
15,"Promote peaceful and inclusive societies for sustainable development, provide access to justice for all and build effective, accountable and inclusive institutions at all levels",Home,"End abuse, exploitation, trafficking and all forms of violence against and torture of children.","Home, Women  and Child Development.","Number of victims of human trafficking per 100,000 population, by sex, age group and form of exploitation.",15.2,15.2.2
15,"Promote peaceful and inclusive societies for sustainable development, provide access to justice for all and build effective, accountable and inclusive institutions at all levels",Home,"End abuse, exploitation, trafficking and all forms of violence against and torture of children.","Home, Women  and Child Development.",Percentage of young women and men aged 18-24 who experienced sexual violence by age 18.,15.2,15.2.3
15,"Promote peaceful and inclusive societies for sustainable development, provide access to justice for all and build effective, accountable and inclusive institutions at all levels",Home,Promote the rule of law and ensure equal access to justice for all.,Home.,Percentage of victims of violence in the previous 12 months who reported their victimization to competent authorities or other officially recognized conflict resolution mechanisms (also called crime reporting rate).,15.3,15.3.1
15,"Promote peaceful and inclusive societies for sustainable development, provide access to justice for all and build effective, accountable and inclusive institutions at all levels",Home,Promote the rule of law and ensure equal access to justice for all.,Home.,Unsentenced detainees as a percentage of overall prison population.,15.3,15.3.2
15,"Promote peaceful and inclusive societies for sustainable development, provide access to justice for all and build effective, accountable and inclusive institutions at all levels",Home,"By 2030, significantly reduce illicit financial and arms flows, strengthen the recovery and return of stolen assets and combat all forms of organized crime.","Home, Excise  and Taxation .",Total value of inward and outward illicit financial flows (in current United States dollars).,15.4,15.4.1
15,"Promote peaceful and inclusive societies for sustainable development, provide access to justice for all and build effective, accountable and inclusive institutions at all levels",Home,"By 2030, significantly reduce illicit financial and arms flows, strengthen the recovery and return of stolen assets and combat all forms of organized crime.","Home, Excise  and Taxation .","Percentage of seized small arms and light weapons that are recorded and traced, in accordance with international standards and legal instruments.",15.4,15.4.2
15,"Promote peaceful and inclusive societies for sustainable development, provide access to justice for all and build effective, accountable and inclusive institutions at all levels",Home,Substantially reduce corruption and bribery in all their forms.,Home.,"Percentage of persons who had at least one contact with a public official, who paid a bribe to a public official, or were asked for a bribe by these public officials, in the previous 12 months, disaggregated by age group, sex, region and population group.",15.5,15.5.1
15,"Promote peaceful and inclusive societies for sustainable development, provide access to justice for all and build effective, accountable and inclusive institutions at all levels",Home,"Develop effective, accountable and transparent institutions at all levels.","Finance, Treasury  and Accounts, Administrative Reforms.","Primary government expenditures as a percentage of original approved budget, disaggregated by sector (or by budget codes or similar).",15.6,15.6.1
15,"Promote peaceful and inclusive societies for sustainable development, provide access to justice for all and build effective, accountable and inclusive institutions at all levels",Home,"Develop effective, accountable and transparent institutions at all levels.","Finance, Treasury  and Accounts, Administrative Reforms.",15.6.2 Proportion of the population satisfied with their last experienceof public services.,15.6,15.6.2
15,"Promote peaceful and inclusive societies for sustainable development, provide access to justice for all and build effective, accountable and inclusive institutions at all levels",Home,"Ensure responsive, inclusive, participatory and representative decision-making at all levels.","Personnel, Elections, Administrative Reforms.","Proportions of positions (by age group, sex, persons with disabilities and population groups) in public institutions (national and local legislatures, public service, and judiciary) compared to national distributions.",15.7,15.7.1
15,"Promote peaceful and inclusive societies for sustainable development, provide access to justice for all and build effective, accountable and inclusive institutions at all levels",Home,"By 2030, provide legal identity for all, including birth registration.","Health and Family Welfare, Urban Development,
Panchayati Raj.","Percentage of children under 5 whose births have been registered with a civil authority, disaggregated by age.",15.8,15.8.1
15,"Promote peaceful and inclusive societies for sustainable development, provide access to justice for all and build effective, accountable and inclusive institutions at all levels",Home,"Ensure public access to information and protect fundamental freedoms, in accordance with national legislation and international agreements.",Administrative Reforms.,Percentage of RTI cases disposed off.,15.9,15.9.1
15,"Promote peaceful and inclusive societies for sustainable development, provide access to justice for all and build effective, accountable and inclusive institutions at all levels",Home,"Ensure public access to information and protect fundamental freedoms, in accordance with national legislation and international agreements.",Administrative Reforms.,Percentage of Govt. Departments / Organization have all information on their websites.,15.9,15.9.2
16,Strengthen the means of implementation and revitalize the Global Partnership for Sustainable Development,Finance,"Strengthen domestic resource mobilization, including through international support to improve capacity for tax and other revenue collection.",Finance.,Total government revenue (by source) as a percentage of GDP.,16.1,16.1.1
16,Strengthen the means of implementation and revitalize the Global Partnership for Sustainable Development,Finance,Adopt and implement investment promotion regimes.,Finance.,Number of investment policy reforms adopted that incorporate sustainable development objectives or safeguards.,16.2,16.2.1
16,Strengthen the means of implementation and revitalize the Global Partnership for Sustainable Development,Finance,"Enhance cooperation on and access to science, technology and innovation and enhance knowledge-sharing on mutually agreed terms, including through improved coordination among existing mechanisms and through a global technology facilitation mechanism.","Environment  and Scientific Technology, Information Technology.","Fixed Internet broadband subscriptions, by speed.",16.3,16.3.1
16,Strengthen the means of implementation and revitalize the Global Partnership for Sustainable Development,Finance,"Promote the development, transfer, dissemination and diffusion of environmentally sound technologies.",Environment  and Scientific Technology.,"Total amount of approved funding to promote the development, transfer, dissemination and diffusion of environmentally sound technologies.",16.4,16.4.1
16,Strengthen the means of implementation and revitalize the Global Partnership for Sustainable Development,Finance,"Fully operationalize the technology bank and science, technology and innovation capacity-building mechanism by 2017 and enhance the use of enabling technology, in particular information and communications technology.","Environment  and Scientific Technology, Information Technology.",Proportion of individuals using the Internet.,16.5,16.5.1
17,"Data, monitoring and accountability",Finance,"By 2020, enhance capacity-building support to increase significantly the availability of high-quality, timely and reliable data disaggregated by income, gender, age, race, ethnicity, migratory status, disability, geographic location and other characteristics relevant in national contexts.","Planning, Finance, Economic and Statistics.","Proportion of sustainable development indicators produced at the state level with full disaggregation when relevant to the target, in accordance with the Fundamental Principles of Official Statistics.",17.1,17.1.1
17,"Data, monitoring and accountability",Finance,"By 2030, build on existing initiatives to develop measurements of progress on sustainable development that complement gross domestic product, and support statistical capacity-building.","Planning, Finance, Economic  and Statistics.",Dollar value of all resources made available to strengthen statistical capacity.,17.2,17.2.1
17,"Data, monitoring and accountability",Finance,"By 2030, build on existing initiatives to develop measurements of progress on sustainable development that complement gross domestic product, and support statistical capacity-building.","Planning, Finance, Economic  and Statistics.",Inclusive Wealth Index.,17.2,17.2.2
